key,display_name,geojson_nazwa,voivodship,population,area_km2
powiat Biała Podlaska__lubelskie,Biała Podlaska (miasto na prawach powiatu),powiat Biała Podlaska,lubelskie,57194,49.40
powiat Białystok__podlaskie,Białystok (miasto na prawach powiatu),powiat Białystok,podlaskie,297585,102.13
powiat Bielsko-Biała__śląskie,Bielsko-Biała (miasto na prawach powiatu),powiat Bielsko-Biała,śląskie,170303,124.51
powiat Bydgoszcz__kujawsko-pomorskie,Bydgoszcz (miasto na prawach powiatu),powiat Bydgoszcz,kujawsko-pomorskie,346739,175.98
powiat Bytom__śląskie,Bytom (miasto na prawach powiatu),powiat Bytom,śląskie,164447,69.44
powiat Chełm__lubelskie,Chełm (miasto na prawach powiatu),powiat Chełm,lubelskie,61588,35.28
powiat Chorzów__śląskie,Chorzów (miasto na prawach powiatu),powiat Chorzów,śląskie,107443,33.24
powiat Częstochowa__śląskie,Częstochowa (miasto na prawach powiatu),powiat Częstochowa,śląskie,219278,159.71
powiat Dąbrowa Górnicza__śląskie,Dąbrowa Górnicza (miasto na prawach powiatu),powiat Dąbrowa Górnicza,śląskie,118899,188.73
powiat Elbląg__warmińsko-mazurskie,Elbląg (miasto na prawach powiatu),powiat Elbląg,warmińsko-mazurskie,119097,79.82
powiat Gdańsk__pomorskie,Gdańsk (miasto na prawach powiatu),powiat Gdańsk,pomorskie,471525,261.96
powiat Gdynia__pomorskie,Gdynia (miasto na prawach powiatu),powiat Gdynia,pomorskie,245867,135.14
powiat Gliwice__śląskie,Gliwice (miasto na prawach powiatu),powiat Gliwice,śląskie,178186,133.88
powiat Gorzów Wielkopolski__lubuskie,Gorzów Wielkopolski (miasto na prawach powiatu),powiat Gorzów Wielkopolski,lubuskie,123341,85.72
powiat Grudziądz__kujawsko-pomorskie,Grudziądz (miasto na prawach powiatu),powiat Grudziądz,kujawsko-pomorskie,94076,57.76
powiat Jastrzębie-Zdrój__śląskie,Jastrzębie-Zdrój (miasto na prawach powiatu),powiat Jastrzębie-Zdrój,śląskie,88425,85.33
powiat Jaworzno__śląskie,Jaworzno (miasto na prawach powiatu),powiat Jaworzno,śląskie,90759,152.59
powiat Jelenia Góra__dolnośląskie,Jelenia Góra (miasto na prawach powiatu),powiat Jelenia Góra,dolnośląskie,78778,109.22
powiat Kalisz__wielkopolskie,Kalisz (miasto na prawach powiatu),powiat Kalisz,wielkopolskie,99761,69.42
powiat Katowice__śląskie,Katowice (miasto na prawach powiatu),powiat Katowice,śląskie,291774,164.64
powiat Kielce__świętokrzyskie,Kielce (miasto na prawach powiatu),powiat Kielce,świętokrzyskie,194218,109.65
powiat Konin__wielkopolskie,Konin (miasto na prawach powiatu),powiat Konin,wielkopolskie,73176,82.31
powiat Koszalin__zachodniopomorskie,Koszalin (miasto na prawach powiatu),powiat Koszalin,zachodniopomorskie,106880,98.34
powiat Kraków__małopolskie,Kraków (miasto na prawach powiatu),powiat Kraków,małopolskie,780981,326.85
powiat Krosno__podkarpackie,Krosno (miasto na prawach powiatu),powiat Krosno,podkarpackie,46139,43.50
powiat Legnica__dolnośląskie,Legnica (miasto na prawach powiatu),powiat Legnica,dolnośląskie,99072,56.29
powiat Leszno__wielkopolskie,Leszno (miasto na prawach powiatu),powiat Leszno,wielkopolskie,63323,31.86
powiat Lublin__lubelskie,Lublin (miasto na prawach powiatu),powiat Lublin,lubelskie,339547,147.47
powiat Mysłowice__śląskie,Mysłowice (miasto na prawach powiatu),powiat Mysłowice,śląskie,74601,65.62
powiat Nowy Sącz__małopolskie,Nowy Sącz (miasto na prawach powiatu),powiat Nowy Sącz,małopolskie,83762,57.58
powiat Olsztyn__warmińsko-mazurskie,Olsztyn (miasto na prawach powiatu),powiat Olsztyn,warmińsko-mazurskie,171853,88.33
powiat Opole__opolskie,Opole (miasto na prawach powiatu),powiat Opole,opolskie,128012,148.88
powiat Ostrołęka__mazowieckie,Ostrołęka (miasto na prawach powiatu),powiat Ostrołęka,mazowieckie,51893,33.46
powiat Piekary Śląskie__śląskie,Piekary Śląskie (miasto na prawach powiatu),powiat Piekary Śląskie,śląskie,54860,39.98
powiat Piotrków Trybunalski__łódzkie,Piotrków Trybunalski (miasto na prawach powiatu),powiat Piotrków Trybunalski,łódzkie,72785,67.24
powiat Poznań__wielkopolskie,Poznań (miasto na prawach powiatu),powiat Poznań,wielkopolskie,533830,261.91
powiat Przemyśl__podkarpackie,Przemyśl (miasto na prawach powiatu),powiat Przemyśl,podkarpackie,60442,46.17
powiat Płock__mazowieckie,Płock (miasto na prawach powiatu),powiat Płock,mazowieckie,118989,88.04
powiat Radom__mazowieckie,Radom (miasto na prawach powiatu),powiat Radom,mazowieckie,210532,111.80
powiat Ruda Śląska__śląskie,Ruda Śląska (miasto na prawach powiatu),powiat Ruda Śląska,śląskie,137030,77.73
powiat Rybnik__śląskie,Rybnik (miasto na prawach powiatu),powiat Rybnik,śląskie,137782,148.36
powiat Rzeszów__podkarpackie,Rzeszów (miasto na prawach powiatu),powiat Rzeszów,podkarpackie,196821,126.61
powiat Siedlce__mazowieckie,Siedlce (miasto na prawach powiatu),powiat Siedlce,mazowieckie,78258,31.86
powiat Siemianowice Śląskie__śląskie,Siemianowice Śląskie (miasto na prawach powiatu),powiat Siemianowice Śląskie,śląskie,66587,25.50
powiat Skierniewice__łódzkie,Skierniewice (miasto na prawach powiatu),powiat Skierniewice,łódzkie,47932,34.60
powiat Sopot__pomorskie,Sopot (miasto na prawach powiatu),powiat Sopot,pomorskie,35562,17.28
powiat Sosnowiec__śląskie,Sosnowiec (miasto na prawach powiatu),powiat Sosnowiec,śląskie,198996,91.06
powiat Suwałki__podlaskie,Suwałki (miasto na prawach powiatu),powiat Suwałki,podlaskie,69786,65.51
powiat Szczecin__zachodniopomorskie,Szczecin (miasto na prawach powiatu),powiat Szczecin,zachodniopomorskie,400990,300.60
powiat Słupsk__pomorskie,Słupsk (miasto na prawach powiatu),powiat Słupsk,pomorskie,90320,43.15
powiat Tarnobrzeg__podkarpackie,Tarnobrzeg (miasto na prawach powiatu),powiat Tarnobrzeg,podkarpackie,46588,85.40
powiat Tarnów__małopolskie,Tarnów (miasto na prawach powiatu),powiat Tarnów,małopolskie,108177,72.38
powiat Toruń__kujawsko-pomorskie,Toruń (miasto na prawach powiatu),powiat Toruń,kujawsko-pomorskie,201106,115.72
powiat Tychy__śląskie,Tychy (miasto na prawach powiatu),powiat Tychy,śląskie,127307,81.81
powiat Warszawa__mazowieckie,Warszawa (miasto na prawach powiatu),powiat Warszawa,mazowieckie,1793579,517.24
powiat Wałbrzych__dolnośląskie,Wałbrzych (miasto na prawach powiatu),powiat Wałbrzych,dolnośląskie,110603,84.70
powiat Wrocław__dolnośląskie,Wrocław (miasto na prawach powiatu),powiat Wrocław,dolnośląskie,643782,292.82
powiat Włocławek__kujawsko-pomorskie,Włocławek (miasto na prawach powiatu),powiat Włocławek,kujawsko-pomorskie,109347,84.32
powiat Zabrze__śląskie,Zabrze (miasto na prawach powiatu),powiat Zabrze,śląskie,171691,80.40
powiat Zamość__lubelskie,Zamość (miasto na prawach powiatu),powiat Zamość,lubelskie,63223,30.34
powiat Zielona Góra__lubuskie,Zielona Góra (miasto na prawach powiatu),powiat Zielona Góra,lubuskie,141280,278.32
powiat aleksandrowski__kujawsko-pomorskie,Powiat aleksandrowski,powiat aleksandrowski,kujawsko-pomorskie,55007,474.63
powiat augustowski__podlaskie,Powiat augustowski,powiat augustowski,podlaskie,57908,1659.39
powiat bartoszycki__warmińsko-mazurskie,Powiat bartoszycki,powiat bartoszycki,warmińsko-mazurskie,56891,1307.49
powiat bełchatowski__łódzkie,Powiat bełchatowski,powiat bełchatowski,łódzkie,112702,967.60
powiat bialski__lubelskie,Powiat bialski,powiat bialski,lubelskie,110454,2754.26
powiat białobrzeski__mazowieckie,Powiat białobrzeski,powiat białobrzeski,mazowieckie,33332,639.10
powiat białogardzki__zachodniopomorskie,Powiat białogardzki,powiat białogardzki,zachodniopomorskie,47434,845.46
powiat białostocki__podlaskie,Powiat białostocki,powiat białostocki,podlaskie,150333,2976.44
powiat bielski__podlaskie,Powiat bielski,powiat bielski,podlaskie,54058,1385.09
powiat bielski__śląskie,Powiat bielski,powiat bielski,śląskie,166215,458.64
powiat bieruńsko-lędziński__śląskie,Powiat bieruńsko-lędziński,powiat bieruńsko-lędziński,śląskie,59864,158.15
powiat bieszczadzki__podkarpackie,Powiat bieszczadzki,powiat bieszczadzki,podkarpackie,21576,1139.07
powiat biłgorajski__lubelskie,Powiat biłgorajski,powiat biłgorajski,lubelskie,100617,1681.10
powiat bocheński__małopolskie,Powiat bocheński,powiat bocheński,małopolskie,107023,648.56
powiat bolesławiecki__dolnośląskie,Powiat bolesławiecki,powiat bolesławiecki,dolnośląskie,90032,1303.51
powiat braniewski__warmińsko-mazurskie,Powiat braniewski,powiat braniewski,warmińsko-mazurskie,40927,1201.65
powiat brodnicki__kujawsko-pomorskie,Powiat brodnicki,powiat brodnicki,kujawsko-pomorskie,79129,1039.97
powiat brzeski__małopolskie,Powiat brzeski,powiat brzeski,małopolskie,93125,590.52
powiat brzeski__opolskie,Powiat brzeski,powiat brzeski,opolskie,89632,875.96
powiat brzeziński__łódzkie,Powiat brzeziński,powiat brzeziński,łódzkie,30793,358.56
powiat brzozowski__podkarpackie,Powiat brzozowski,powiat brzozowski,podkarpackie,65523,539.34
powiat buski__świętokrzyskie,Powiat buski,powiat buski,świętokrzyskie,71451,968.00
powiat bydgoski__kujawsko-pomorskie,Powiat bydgoski,powiat bydgoski,kujawsko-pomorskie,119448,1394.12
powiat bytowski__pomorskie,Powiat bytowski,powiat bytowski,pomorskie,79136,2192.07
powiat będziński__śląskie,Powiat będziński,powiat będziński,śląskie,147816,364.13
powiat chełmiński__kujawsko-pomorskie,Powiat chełmiński,powiat chełmiński,kujawsko-pomorskie,51817,526.94
powiat chełmski__lubelskie,Powiat chełmski,powiat chełmski,lubelskie,77752,1885.60
powiat chodzieski__wielkopolskie,Powiat chodzieski,powiat chodzieski,wielkopolskie,46955,685.06
powiat chojnicki__pomorskie,Powiat chojnicki,powiat chojnicki,pomorskie,97677,1364.21
powiat choszczeński__zachodniopomorskie,Powiat choszczeński,powiat choszczeński,zachodniopomorskie,48035,1327.63
powiat chrzanowski__małopolskie,Powiat chrzanowski,powiat chrzanowski,małopolskie,124190,370.12
powiat ciechanowski__mazowieckie,Powiat ciechanowski,powiat ciechanowski,mazowieckie,89213,1059.80
powiat cieszyński__śląskie,Powiat cieszyński,powiat cieszyński,śląskie,178005,730.29
powiat czarnkowsko-trzcianecki__wielkopolskie,Powiat czarnkowsko-trzcianecki,powiat czarnkowsko-trzcianecki,wielkopolskie,86868,1806.05
powiat częstochowski__śląskie,Powiat częstochowski,powiat częstochowski,śląskie,134341,1522.05
powiat człuchowski__pomorskie,Powiat człuchowski,powiat człuchowski,pomorskie,55933,1575.27
powiat drawski__zachodniopomorskie,Powiat drawski,powiat drawski,zachodniopomorskie,56842,1764.24
powiat działdowski__warmińsko-mazurskie,Powiat działdowski,powiat działdowski,warmińsko-mazurskie,64966,953.93
powiat dzierżoniowski__dolnośląskie,Powiat dzierżoniowski,powiat dzierżoniowski,dolnośląskie,100519,478.51
powiat dąbrowski__małopolskie,Powiat dąbrowski,powiat dąbrowski,małopolskie,59147,530.25
powiat dębicki__podkarpackie,Powiat dębicki,powiat dębicki,podkarpackie,135282,777.48
powiat elbląski__warmińsko-mazurskie,Powiat elbląski,powiat elbląski,warmińsko-mazurskie,57056,1415.58
powiat ełcki__warmińsko-mazurskie,Powiat ełcki,powiat ełcki,warmińsko-mazurskie,91613,1112.79
powiat garwoliński__mazowieckie,Powiat garwoliński,powiat garwoliński,mazowieckie,108940,1284.83
powiat gdański__pomorskie,Powiat gdański,powiat gdański,pomorskie,119362,793.75
powiat giżycki__warmińsko-mazurskie,Powiat giżycki,powiat giżycki,warmińsko-mazurskie,56465,1119.51
powiat gliwicki__śląskie,Powiat gliwicki,powiat gliwicki,śląskie,115540,664.37
powiat gnieźnieński__wielkopolskie,Powiat gnieźnieński,powiat gnieźnieński,wielkopolskie,145393,1255.03
powiat goleniowski__zachodniopomorskie,Powiat goleniowski,powiat goleniowski,zachodniopomorskie,82396,1615.48
powiat golubsko-dobrzyński__kujawsko-pomorskie,Powiat golubsko-dobrzyński,powiat golubsko-dobrzyński,kujawsko-pomorskie,44952,612.85
powiat gorlicki__małopolskie,Powiat gorlicki,powiat gorlicki,małopolskie,108778,966.46
powiat gorzowski__lubuskie,Powiat gorzowski,powiat gorzowski,lubuskie,72054,1214.23
powiat gostyniński__mazowieckie,Powiat gostyniński,powiat gostyniński,mazowieckie,44761,614.81
powiat gostyński__wielkopolskie,Powiat gostyński,powiat gostyński,wielkopolskie,75907,810.25
powiat gołdapski__warmińsko-mazurskie,Powiat gołdapski,powiat gołdapski,warmińsko-mazurskie,26625,772.29
powiat grajewski__podlaskie,Powiat grajewski,powiat grajewski,podlaskie,47039,967.62
powiat grodziski__mazowieckie,Powiat grodziski,powiat grodziski,mazowieckie,96698,367.04
powiat grodziski__wielkopolskie,Powiat grodziski,powiat grodziski,wielkopolskie,51940,641.87
powiat grudziądzki__kujawsko-pomorskie,Powiat grudziądzki,powiat grudziądzki,kujawsko-pomorskie,40202,727.76
powiat gryficki__zachodniopomorskie,Powiat gryficki,powiat gryficki,zachodniopomorskie,60025,1021.05
powiat gryfiński__zachodniopomorskie,Powiat gryfiński,powiat gryfiński,zachodniopomorskie,81598,1869.11
powiat grójecki__mazowieckie,Powiat grójecki,powiat grójecki,mazowieckie,98173,1267.73
powiat górowski__dolnośląskie,Powiat górowski,powiat górowski,dolnośląskie,34698,738.27
powiat głogowski__dolnośląskie,Powiat głogowski,powiat głogowski,dolnośląskie,88852,443.27
powiat głubczycki__opolskie,Powiat głubczycki,powiat głubczycki,opolskie,45291,672.63
powiat hajnowski__podlaskie,Powiat hajnowski,powiat hajnowski,podlaskie,42293,1623.53
powiat hrubieszowski__lubelskie,Powiat hrubieszowski,powiat hrubieszowski,lubelskie,62473,1268.02
powiat inowrocławski__kujawsko-pomorskie,Powiat inowrocławski,powiat inowrocławski,kujawsko-pomorskie,159311,1225.18
powiat iławski__warmińsko-mazurskie,Powiat iławski,powiat iławski,warmińsko-mazurskie,92826,1385.22
powiat janowski__lubelskie,Powiat janowski,powiat janowski,lubelskie,45503,875.28
powiat jarociński__wielkopolskie,Powiat jarociński,powiat jarociński,wielkopolskie,71507,587.29
powiat jarosławski__podkarpackie,Powiat jarosławski,powiat jarosławski,podkarpackie,120097,1028.66
powiat jasielski__podkarpackie,Powiat jasielski,powiat jasielski,podkarpackie,113226,830.87
powiat jaworski__dolnośląskie,Powiat jaworski,powiat jaworski,dolnośląskie,49937,581.55
powiat jeleniogórski__dolnośląskie,Powiat karkonoski,powiat jeleniogórski,dolnośląskie,63388,627.14
powiat jędrzejowski__świętokrzyskie,Powiat jędrzejowski,powiat jędrzejowski,świętokrzyskie,85179,1256.96
powiat kaliski__wielkopolskie,Powiat kaliski,powiat kaliski,wielkopolskie,83035,1159.99
powiat kamiennogórski__dolnośląskie,Powiat kamiennogórski,powiat kamiennogórski,dolnośląskie,43055,395.69
powiat kamieński__zachodniopomorskie,Powiat kamieński,powiat kamieński,zachodniopomorskie,46861,1007.16
powiat kartuski__pomorskie,Powiat kartuski,powiat kartuski,pomorskie,140770,1120.54
powiat kazimierski__świętokrzyskie,Powiat kazimierski,powiat kazimierski,świętokrzyskie,33489,422.18
powiat kielecki__świętokrzyskie,Powiat kielecki,powiat kielecki,świętokrzyskie,211259,2246.07
powiat kluczborski__opolskie,Powiat kluczborski,powiat kluczborski,opolskie,65266,851.91
powiat kolbuszowski__podkarpackie,Powiat kolbuszowski,powiat kolbuszowski,podkarpackie,62196,773.17
powiat kolneński__podlaskie,Powiat kolneński,powiat kolneński,podlaskie,37983,940.10
powiat kolski__wielkopolskie,Powiat kolski,powiat kolski,wielkopolskie,86473,1010.71
powiat konecki__świętokrzyskie,Powiat konecki,powiat konecki,świętokrzyskie,79525,1139.72
powiat koniński__wielkopolskie,Powiat koniński,powiat koniński,wielkopolskie,130005,1578.24
powiat koszaliński__zachodniopomorskie,Powiat koszaliński,powiat koszaliński,zachodniopomorskie,66465,1653.46
powiat kozienicki__mazowieckie,Powiat kozienicki,powiat kozienicki,mazowieckie,59793,916.10
powiat kołobrzeski__zachodniopomorskie,Powiat kołobrzeski,powiat kołobrzeski,zachodniopomorskie,79399,724.66
powiat kościański__wielkopolskie,Powiat kościański,powiat kościański,wielkopolskie,79114,722.42
powiat kościerski__pomorskie,Powiat kościerski,powiat kościerski,pomorskie,72808,1165.67
powiat krakowski__małopolskie,Powiat krakowski,powiat krakowski,małopolskie,280403,1230.52
powiat krapkowicki__opolskie,Powiat krapkowicki,powiat krapkowicki,opolskie,63580,441.80
powiat krasnostawski__lubelskie,Powiat krasnostawski,powiat krasnostawski,lubelskie,62940,1031.44
powiat kraśnicki__lubelskie,Powiat kraśnicki,powiat kraśnicki,lubelskie,95064,1005.30
powiat krotoszyński__wielkopolskie,Powiat krotoszyński,powiat krotoszyński,wielkopolskie,77182,713.68
powiat krośnieński__lubuskie,Powiat krośnieński,powiat krośnieński,lubuskie,54706,1391.25
powiat krośnieński__podkarpackie,Powiat krośnieński,powiat krośnieński,podkarpackie,112195,993.11
powiat kutnowski__łódzkie,Powiat kutnowski,powiat kutnowski,łódzkie,96126,886.86
powiat kwidzyński__pomorskie,Powiat kwidzyński,powiat kwidzyński,pomorskie,83028,834.70
powiat kędzierzyńsko-kozielski__opolskie,Powiat kędzierzyńsko-kozielski,powiat kędzierzyńsko-kozielski,opolskie,93544,625.13
powiat kępiński__wielkopolskie,Powiat kępiński,powiat kępiński,wielkopolskie,56428,608.26
powiat kętrzyński__warmińsko-mazurskie,Powiat kętrzyński,powiat kętrzyński,warmińsko-mazurskie,62054,1212.99
powiat kłobucki__śląskie,Powiat kłobucki,powiat kłobucki,śląskie,84501,888.59
powiat kłodzki__dolnośląskie,Powiat kłodzki,powiat kłodzki,dolnośląskie,157191,1643.30
powiat legionowski__mazowieckie,Powiat legionowski,powiat legionowski,mazowieckie,119306,390.76
powiat legnicki__dolnośląskie,Powiat legnicki,powiat legnicki,dolnośląskie,55210,744.08
powiat leski__podkarpackie,Powiat leski,powiat leski,podkarpackie,26413,834.94
powiat leszczyński__wielkopolskie,Powiat leszczyński,powiat leszczyński,wielkopolskie,57544,805.81
powiat leżajski__podkarpackie,Powiat leżajski,powiat leżajski,podkarpackie,69233,583.71
powiat lidzbarski__warmińsko-mazurskie,Powiat lidzbarski,powiat lidzbarski,warmińsko-mazurskie,41039,925.00
powiat limanowski__małopolskie,Powiat limanowski,powiat limanowski,małopolskie,131997,951.23
powiat lipnowski__kujawsko-pomorskie,Powiat lipnowski,powiat lipnowski,kujawsko-pomorskie,65574,1015.74
powiat lipski__mazowieckie,Powiat lipski,powiat lipski,mazowieckie,33738,740.22
powiat lubaczowski__podkarpackie,Powiat lubaczowski,powiat lubaczowski,podkarpackie,54979,1308.37
powiat lubartowski__lubelskie,Powiat lubartowski,powiat lubartowski,lubelskie,88152,1288.74
powiat lubański__dolnośląskie,Powiat lubański,powiat lubański,dolnośląskie,54070,428.30
powiat lubelski__lubelskie,Powiat lubelski,powiat lubelski,lubelskie,156002,1679.53
powiat lubiński__dolnośląskie,Powiat lubiński,powiat lubiński,dolnośląskie,106106,711.62
powiat lubliniecki__śląskie,Powiat lubliniecki,powiat lubliniecki,śląskie,76326,822.25
powiat lwówecki__dolnośląskie,Powiat lwówecki,powiat lwówecki,dolnośląskie,45770,709.69
powiat lęborski__pomorskie,Powiat lęborski,powiat lęborski,pomorskie,66069,707.77
powiat makowski__mazowieckie,Powiat makowski,powiat makowski,mazowieckie,44667,1064.63
powiat malborski__pomorskie,Powiat malborski,powiat malborski,pomorskie,63401,494.23
powiat miechowski__małopolskie,Powiat miechowski,powiat miechowski,małopolskie,48689,676.29
powiat mielecki__podkarpackie,Powiat mielecki,powiat mielecki,podkarpackie,136672,880.50
powiat mikołowski__śląskie,Powiat mikołowski,powiat mikołowski,śląskie,99211,233.10
powiat milicki__dolnośląskie,Powiat milicki,powiat milicki,dolnośląskie,36913,714.93
powiat międzychodzki__wielkopolskie,Powiat międzychodzki,powiat międzychodzki,wielkopolskie,36686,736.44
powiat międzyrzecki__lubuskie,Powiat międzyrzecki,powiat międzyrzecki,lubuskie,57374,1387.61
powiat miński__mazowieckie,Powiat miński,powiat miński,mazowieckie,154942,1163.72
powiat mogileński__kujawsko-pomorskie,Powiat mogileński,powiat mogileński,kujawsko-pomorskie,45514,675.12
powiat moniecki__podlaskie,Powiat moniecki,powiat moniecki,podlaskie,40251,1381.79
powiat mrągowski__warmińsko-mazurskie,Powiat mrągowski,powiat mrągowski,warmińsko-mazurskie,49660,1065.38
powiat myszkowski__śląskie,Powiat myszkowski,powiat myszkowski,śląskie,70709,479.25
powiat myślenicki__małopolskie,Powiat myślenicki,powiat myślenicki,małopolskie,127872,673.08
powiat myśliborski__zachodniopomorskie,Powiat myśliborski,powiat myśliborski,zachodniopomorskie,65426,1182.40
powiat mławski__mazowieckie,Powiat mławski,powiat mławski,mazowieckie,72448,1181.82
powiat nakielski__kujawsko-pomorskie,Powiat nakielski,powiat nakielski,kujawsko-pomorskie,86226,1120.08
powiat namysłowski__opolskie,Powiat namysłowski,powiat namysłowski,opolskie,42680,748.18
powiat nidzicki__warmińsko-mazurskie,Powiat nidzicki,powiat nidzicki,warmińsko-mazurskie,32753,960.64
powiat niżański__podkarpackie,Powiat niżański,powiat niżański,podkarpackie,66430,785.64
powiat nowodworski__mazowieckie,Powiat nowodworski,powiat nowodworski,mazowieckie,79427,694.79
powiat nowodworski__pomorskie,Powiat nowodworski,powiat nowodworski,pomorskie,35483,674.08
powiat nowomiejski__warmińsko-mazurskie,Powiat nowomiejski,powiat nowomiejski,warmińsko-mazurskie,43769,693.93
powiat nowosolski__lubuskie,Powiat nowosolski,powiat nowosolski,lubuskie,86014,770.73
powiat nowosądecki__małopolskie,Powiat nowosądecki,powiat nowosądecki,małopolskie,216994,1549.80
powiat nowotarski__małopolskie,Powiat nowotarski,powiat nowotarski,małopolskie,191882,1474.99
powiat nowotomyski__wielkopolskie,Powiat nowotomyski,powiat nowotomyski,wielkopolskie,75675,1013.62
powiat nyski__opolskie,Powiat nyski,powiat nyski,opolskie,135524,1223.88
powiat obornicki__wielkopolskie,Powiat obornicki,powiat obornicki,wielkopolskie,59826,711.04
powiat olecki__warmińsko-mazurskie,Powiat olecki,powiat olecki,warmińsko-mazurskie,34050,873.60
powiat oleski__opolskie,Powiat oleski,powiat oleski,opolskie,64167,973.38
powiat oleśnicki__dolnośląskie,Powiat oleśnicki,powiat oleśnicki,dolnośląskie,107328,1049.31
powiat olkuski__małopolskie,Powiat olkuski,powiat olkuski,małopolskie,110900,618.11
powiat olsztyński__warmińsko-mazurskie,Powiat olsztyński,powiat olsztyński,warmińsko-mazurskie,127205,2838.02
powiat opatowski__świętokrzyskie,Powiat opatowski,powiat opatowski,świętokrzyskie,51834,910.90
powiat opoczyński__łódzkie,Powiat opoczyński,powiat opoczyński,łódzkie,75847,1040.19
powiat opolski__lubelskie,Powiat opolski,powiat opolski,lubelskie,58952,810.02
powiat opolski__opolskie,Powiat opolski,powiat opolski,opolskie,123813,1534.30
powiat ostrowiecki__świętokrzyskie,Powiat ostrowiecki,powiat ostrowiecki,świętokrzyskie,108436,616.78
powiat ostrowski__mazowieckie,Powiat ostrowski,powiat ostrowski,mazowieckie,72091,1217.79
powiat ostrowski__wielkopolskie,Powiat ostrowski,powiat ostrowski,wielkopolskie,161581,1160.12
powiat ostrołęcki__mazowieckie,Powiat ostrołęcki,powiat ostrołęcki,mazowieckie,88624,2093.55
powiat ostrzeszowski__wielkopolskie,Powiat ostrzeszowski,powiat ostrzeszowski,wielkopolskie,55436,772.63
powiat ostródzki__warmińsko-mazurskie,Powiat ostródzki,powiat ostródzki,warmińsko-mazurskie,103895,1766.29
powiat otwocki__mazowieckie,Powiat otwocki,powiat otwocki,mazowieckie,124460,615.92
powiat oławski__dolnośląskie,Powiat oławski,powiat oławski,dolnośląskie,76831,524.10
powiat oświęcimski__małopolskie,Powiat oświęcimski,powiat oświęcimski,małopolskie,153125,405.58
powiat pabianicki__łódzkie,Powiat pabianicki,powiat pabianicki,łódzkie,119225,492.18
powiat pajęczański__łódzkie,Powiat pajęczański,powiat pajęczański,łódzkie,51071,803.82
powiat parczewski__lubelskie,Powiat parczewski,powiat parczewski,lubelskie,34590,952.20
powiat piaseczyński__mazowieckie,Powiat piaseczyński,powiat piaseczyński,mazowieckie,189516,621.00
powiat pilski__wielkopolskie,Powiat pilski,powiat pilski,wielkopolskie,135928,1268.21
powiat piotrkowski__łódzkie,Powiat piotrkowski,powiat piotrkowski,łódzkie,91360,1428.74
powiat piski__warmińsko-mazurskie,Powiat piski,powiat piski,warmińsko-mazurskie,55952,1774.58
powiat pińczowski__świętokrzyskie,Powiat pińczowski,powiat pińczowski,świętokrzyskie,38691,612.85
powiat pleszewski__wielkopolskie,Powiat pleszewski,powiat pleszewski,wielkopolskie,62962,713.07
powiat poddębicki__łódzkie,Powiat poddębicki,powiat poddębicki,łódzkie,41037,881.21
powiat policki__zachodniopomorskie,Powiat policki,powiat policki,zachodniopomorskie,81229,665.33
powiat polkowicki__dolnośląskie,Powiat polkowicki,powiat polkowicki,dolnośląskie,63082,779.46
powiat poznański__wielkopolskie,Powiat poznański,powiat poznański,wielkopolskie,403417,1899.88
powiat proszowicki__małopolskie,Powiat proszowicki,powiat proszowicki,małopolskie,43160,414.87
powiat prudnicki__opolskie,Powiat prudnicki,powiat prudnicki,opolskie,55091,571.55
powiat pruszkowski__mazowieckie,Powiat pruszkowski,powiat pruszkowski,mazowieckie,166436,246.30
powiat przasnyski__mazowieckie,Powiat przasnyski,powiat przasnyski,mazowieckie,52355,1218.62
powiat przemyski__podkarpackie,Powiat przemyski,powiat przemyski,podkarpackie,73968,1211.22
powiat przeworski__podkarpackie,Powiat przeworski,powiat przeworski,podkarpackie,78227,698.02
powiat przysuski__mazowieckie,Powiat przysuski,powiat przysuski,mazowieckie,41360,801.19
powiat pszczyński__śląskie,Powiat pszczyński,powiat pszczyński,śląskie,111682,471.16
powiat pucki__pomorskie,Powiat pucki,powiat pucki,pomorskie,87183,581.18
powiat puławski__lubelskie,Powiat puławski,powiat puławski,lubelskie,112835,934.09
powiat pułtuski__mazowieckie,Powiat pułtuski,powiat pułtuski,mazowieckie,51817,827.42
powiat pyrzycki__zachodniopomorskie,Powiat pyrzycki,powiat pyrzycki,zachodniopomorskie,39251,726.00
powiat płocki__mazowieckie,Powiat płocki,powiat płocki,mazowieckie,110927,1796.63
powiat płoński__mazowieckie,Powiat płoński,powiat płoński,mazowieckie,86868,1379.79
powiat raciborski__śląskie,Powiat raciborski,powiat raciborski,śląskie,107926,543.76
powiat radomski__mazowieckie,Powiat radomski,powiat radomski,mazowieckie,152237,1529.78
powiat radomszczański__łódzkie,Powiat radomszczański,powiat radomszczański,łódzkie,112255,1442.57
powiat radziejowski__kujawsko-pomorskie,Powiat radziejowski,powiat radziejowski,kujawsko-pomorskie,40211,607.20
powiat radzyński__lubelskie,Powiat radzyński,powiat radzyński,lubelskie,58604,965.06
powiat rawicki__wielkopolskie,Powiat rawicki,powiat rawicki,wielkopolskie,60233,553.52
powiat rawski__łódzkie,Powiat rawski,powiat rawski,łódzkie,48504,646.20
powiat ropczycko-sędziszowski__podkarpackie,Powiat ropczycko-sędziszowski,powiat ropczycko-sędziszowski,podkarpackie,74582,548.31
powiat rybnicki__śląskie,Powiat rybnicki,powiat rybnicki,śląskie,78216,223.64
powiat rycki__lubelskie,Powiat rycki,powiat rycki,lubelskie,55841,614.53
powiat rypiński__kujawsko-pomorskie,Powiat rypiński,powiat rypiński,kujawsko-pomorskie,43408,586.47
powiat rzeszowski__podkarpackie,Powiat rzeszowski,powiat rzeszowski,podkarpackie,169986,1147.13
powiat sandomierski__świętokrzyskie,Powiat sandomierski,powiat sandomierski,świętokrzyskie,76736,675.89
powiat sanocki__podkarpackie,Powiat sanocki,powiat sanocki,podkarpackie,94166,1156.43
powiat sejneński__podlaskie,Powiat sejneński,powiat sejneński,podlaskie,19807,855.17
powiat siedlecki__mazowieckie,Powiat siedlecki,powiat siedlecki,mazowieckie,81402,1603.48
powiat siemiatycki__podlaskie,Powiat siemiatycki,powiat siemiatycki,podlaskie,43910,1459.46
powiat sieradzki__łódzkie,Powiat sieradzki,powiat sieradzki,łódzkie,117370,1490.83
powiat sierpecki__mazowieckie,Powiat sierpecki,powiat sierpecki,mazowieckie,51744,852.04
powiat skarżyski__świętokrzyskie,Powiat skarżyski,powiat skarżyski,świętokrzyskie,73567,395.43
powiat skierniewicki__łódzkie,Powiat skierniewicki,powiat skierniewicki,łódzkie,38156,753.38
powiat sochaczewski__mazowieckie,Powiat sochaczewski,powiat sochaczewski,mazowieckie,85001,734.80
powiat sokołowski__mazowieckie,Powiat sokołowski,powiat sokołowski,mazowieckie,53617,1131.17
powiat sokólski__podlaskie,Powiat sokólski,powiat sokólski,podlaskie,66286,2054.50
powiat stalowowolski__podkarpackie,Powiat stalowowolski,powiat stalowowolski,podkarpackie,105850,831.74
powiat starachowicki__świętokrzyskie,Powiat starachowicki,powiat starachowicki,świętokrzyskie,89152,523.41
powiat stargardzki__zachodniopomorskie,Powiat stargardzki,powiat stargardzki,zachodniopomorskie,120151,1519.94
powiat starogardzki__pomorskie,Powiat starogardzki,powiat starogardzki,pomorskie,128264,1345.34
powiat staszowski__świętokrzyskie,Powiat staszowski,powiat staszowski,świętokrzyskie,71574,924.80
powiat strzelecki__opolskie,Powiat strzelecki,powiat strzelecki,opolskie,74171,744.27
powiat strzelecko-drezdenecki__lubuskie,Powiat strzelecko-drezdenecki,powiat strzelecko-drezdenecki,lubuskie,48855,1247.86
powiat strzeliński__dolnośląskie,Powiat strzeliński,powiat strzeliński,dolnośląskie,43456,622.06
powiat strzyżowski__podkarpackie,Powiat strzyżowski,powiat strzyżowski,podkarpackie,61295,503.47
powiat sulęciński__lubuskie,Powiat sulęciński,powiat sulęciński,lubuskie,35110,1177.80
powiat suski__małopolskie,Powiat suski,powiat suski,małopolskie,84197,685.71
powiat suwalski__podlaskie,Powiat suwalski,powiat suwalski,podlaskie,35606,1307.00
powiat szamotulski__wielkopolskie,Powiat szamotulski,powiat szamotulski,wielkopolskie,91720,1119.29
powiat szczecinecki__zachodniopomorskie,Powiat szczecinecki,powiat szczecinecki,zachodniopomorskie,77394,1765.42
powiat szczycieński__warmińsko-mazurskie,Powiat szczycieński,powiat szczycieński,warmińsko-mazurskie,69263,1933.21
powiat sztumski__pomorskie,Powiat sztumski,powiat sztumski,pomorskie,41141,730.74
powiat szydłowiecki__mazowieckie,Powiat szydłowiecki,powiat szydłowiecki,mazowieckie,39547,451.81
powiat sępoleński__kujawsko-pomorskie,Powiat sępoleński,powiat sępoleński,kujawsko-pomorskie,40922,791.09
powiat sławieński__zachodniopomorskie,Powiat sławieński,powiat sławieński,zachodniopomorskie,56010,1043.20
powiat słubicki__lubuskie,Powiat słubicki,powiat słubicki,lubuskie,46897,999.29
powiat słupecki__wielkopolskie,Powiat słupecki,powiat słupecki,wielkopolskie,59029,838.01
powiat słupski__pomorskie,Powiat słupski,powiat słupski,pomorskie,98781,2304.24
powiat tarnobrzeski__podkarpackie,Powiat tarnobrzeski,powiat tarnobrzeski,podkarpackie,52871,521.06
powiat tarnogórski__śląskie,Powiat tarnogórski,powiat tarnogórski,śląskie,140799,644.19
powiat tarnowski__małopolskie,Powiat tarnowski,powiat tarnowski,małopolskie,201454,1411.58
powiat tatrzański__małopolskie,Powiat tatrzański,powiat tatrzański,małopolskie,68120,471.65
powiat tczewski__pomorskie,Powiat tczewski,powiat tczewski,pomorskie,115641,697.11
powiat tomaszowski__lubelskie,Powiat tomaszowski,powiat tomaszowski,lubelskie,82337,1488.89
powiat tomaszowski__łódzkie,Powiat tomaszowski,powiat tomaszowski,łódzkie,116141,1024.79
powiat toruński__kujawsko-pomorskie,Powiat toruński,powiat toruński,kujawsko-pomorskie,108938,1230.42
powiat trzebnicki__dolnośląskie,Powiat trzebnicki,powiat trzebnicki,dolnośląskie,85401,1024.78
powiat tucholski__kujawsko-pomorskie,Powiat tucholski,powiat tucholski,kujawsko-pomorskie,48338,1075.46
powiat turecki__wielkopolskie,Powiat turecki,powiat turecki,wielkopolskie,83818,929.43
powiat wadowicki__małopolskie,Powiat wadowicki,powiat wadowicki,małopolskie,159971,645.88
powiat warszawski zachodni__mazowieckie,Powiat warszawski zachodni,powiat warszawski zachodni,mazowieckie,119503,533.79
powiat wałbrzyski__dolnośląskie,Powiat wałbrzyski,powiat wałbrzyski,dolnośląskie,55414,430.22
powiat wałecki__zachodniopomorskie,Powiat wałecki,powiat wałecki,zachodniopomorskie,52929,1414.98
powiat wejherowski__pomorskie,Powiat wejherowski,powiat wejherowski,pomorskie,218766,1285.25
powiat wielicki__małopolskie,Powiat wielicki,powiat wielicki,małopolskie,129984,410.78
powiat wieluński__łódzkie,Powiat wieluński,powiat wieluński,łódzkie,76081,926.48
powiat wieruszowski__łódzkie,Powiat wieruszowski,powiat wieruszowski,łódzkie,42050,577.13
powiat wodzisławski__śląskie,Powiat wodzisławski,powiat wodzisławski,śląskie,156939,286.75
powiat wolsztyński__wielkopolskie,Powiat wolsztyński,powiat wolsztyński,wielkopolskie,57534,679.73
powiat wołomiński__mazowieckie,Powiat wołomiński,powiat wołomiński,mazowieckie,251276,953.56
powiat wołowski__dolnośląskie,Powiat wołowski,powiat wołowski,dolnośląskie,46725,674.96
powiat wrocławski__dolnośląskie,Powiat wrocławski,powiat wrocławski,dolnośląskie,153876,1117.70
powiat wrzesiński__wielkopolskie,Powiat wrzesiński,powiat wrzesiński,wielkopolskie,78089,703.57
powiat wschowski__lubuskie,Powiat wschowski,powiat wschowski,lubuskie,38787,624.20
powiat wysokomazowiecki__podlaskie,Powiat wysokomazowiecki,powiat wysokomazowiecki,podlaskie,56652,1288.91
powiat wyszkowski__mazowieckie,Powiat wyszkowski,powiat wyszkowski,mazowieckie,74283,876.43
powiat wąbrzeski__kujawsko-pomorskie,Powiat wąbrzeski,powiat wąbrzeski,kujawsko-pomorskie,34115,501.95
powiat wągrowiecki__wielkopolskie,Powiat wągrowiecki,powiat wągrowiecki,wielkopolskie,70216,1039.65
powiat węgorzewski__warmińsko-mazurskie,Powiat węgorzewski,powiat węgorzewski,warmińsko-mazurskie,22555,693.22
powiat węgrowski__mazowieckie,Powiat węgrowski,powiat węgrowski,mazowieckie,65641,1220.76
powiat włocławski__kujawsko-pomorskie,Powiat włocławski,powiat włocławski,kujawsko-pomorskie,85893,1473.63
powiat włodawski__lubelskie,Powiat włodawski,powiat włodawski,lubelskie,38207,1256.42
powiat włoszczowski__świętokrzyskie,Powiat włoszczowski,powiat włoszczowski,świętokrzyskie,44933,907.86
powiat zambrowski__podlaskie,Powiat zambrowski,powiat zambrowski,podlaskie,43390,733.12
powiat zamojski__lubelskie,Powiat zamojski,powiat zamojski,lubelskie,105839,1870.29
powiat zawierciański__śląskie,Powiat zawierciański,powiat zawierciański,śląskie,117137,1002.23
powiat zduńskowolski__łódzkie,Powiat zduńskowolski,powiat zduńskowolski,łódzkie,66232,369.23
powiat zgierski__łódzkie,Powiat zgierski,powiat zgierski,łódzkie,166154,855.18
powiat zgorzelecki__dolnośląskie,Powiat zgorzelecki,powiat zgorzelecki,dolnośląskie,88770,838.60
powiat zielonogórski__lubuskie,Powiat zielonogórski,powiat zielonogórski,lubuskie,75646,1349.75
powiat zwoleński__mazowieckie,Powiat zwoleński,powiat zwoleński,mazowieckie,36026,573.30
powiat ząbkowicki__dolnośląskie,Powiat ząbkowicki,powiat ząbkowicki,dolnośląskie,64486,801.53
powiat złotoryjski__dolnośląskie,Powiat złotoryjski,powiat złotoryjski,dolnośląskie,43274,575.81
powiat złotowski__wielkopolskie,Powiat złotowski,powiat złotowski,wielkopolskie,69282,1660.17
powiat Łomża__podlaskie,Łomża (miasto na prawach powiatu),powiat Łomża,podlaskie,62795,32.67
powiat Łódź__łódzkie,Łódź (miasto na prawach powiatu),powiat Łódź,łódzkie,677286,293.25
powiat łaski__łódzkie,Powiat łaski,powiat łaski,łódzkie,49794,618.23
powiat łańcucki__podkarpackie,Powiat łańcucki,powiat łańcucki,podkarpackie,81144,451.84
powiat łobeski__zachodniopomorskie,Powiat łobeski,powiat łobeski,zachodniopomorskie,36514,1065.13
powiat łomżyński__podlaskie,Powiat łomżyński,powiat łomżyński,podlaskie,50894,1354.59
powiat łosicki__mazowieckie,Powiat łosicki,powiat łosicki,mazowieckie,30658,772.45
powiat łowicki__łódzkie,Powiat łowicki,powiat łowicki,łódzkie,77842,988.17
powiat łukowski__lubelskie,Powiat łukowski,powiat łukowski,lubelskie,106591,1394.21
powiat łódzki wschodni__łódzkie,Powiat łódzki wschodni,powiat łódzki wschodni,łódzkie,72408,499.76
powiat łęczycki__łódzkie,Powiat łęczycki,powiat łęczycki,łódzkie,49562,772.75
powiat łęczyński__lubelskie,Powiat łęczyński,powiat łęczyński,lubelskie,57298,636.64
powiat Świnoujście__zachodniopomorskie,Świnoujście (miasto na prawach powiatu),powiat Świnoujście,zachodniopomorskie,40864,202.07
powiat Świętochłowice__śląskie,Świętochłowice (miasto na prawach powiatu),powiat Świętochłowice,śląskie,49363,13.31
powiat średzki__dolnośląskie,Powiat średzki,powiat średzki,dolnośląskie,55356,704.14
powiat średzki__wielkopolskie,Powiat średzki,powiat średzki,wielkopolskie,59033,623.86
powiat śremski__wielkopolskie,Powiat śremski,powiat śremski,wielkopolskie,61455,574.10
powiat świdnicki__dolnośląskie,Powiat świdnicki,powiat świdnicki,dolnośląskie,156550,741.14
powiat świdnicki__lubelskie,Powiat świdnicki,powiat świdnicki,lubelskie,71739,468.35
powiat świdwiński__zachodniopomorskie,Powiat świdwiński,powiat świdwiński,zachodniopomorskie,46526,1093.06
powiat świebodziński__lubuskie,Powiat świebodziński,powiat świebodziński,lubuskie,55678,936.57
powiat świecki__kujawsko-pomorskie,Powiat świecki,powiat świecki,kujawsko-pomorskie,98930,1474.18
powiat Żory__śląskie,Żory (miasto na prawach powiatu),powiat Żory,śląskie,62670,64.64
powiat żagański__lubuskie,Powiat żagański,powiat żagański,lubuskie,78634,1131.82
powiat żarski__lubuskie,Powiat żarski,powiat żarski,lubuskie,95801,1392.78
powiat żniński__kujawsko-pomorskie,Powiat żniński,powiat żniński,kujawsko-pomorskie,70070,984.77
powiat żuromiński__mazowieckie,Powiat żuromiński,powiat żuromiński,mazowieckie,38337,806.60
powiat żyrardowski__mazowieckie,Powiat żyrardowski,powiat żyrardowski,mazowieckie,75616,532.54
powiat żywiecki__śląskie,Powiat żywiecki,powiat żywiecki,śląskie,152450,1040.06
